{"0": {"contraction": 2.821734571459582, "muscle": 2.8150365159423503, "tuning": 1.2477418075230164, "fine": 1.1613982286198976, "brain": 0.9933769831987219, "level": 0.7730282649626411, "spinal": 0.7342953418661728, "mediate": 0.5221121136433036, "occur": 0.49668849159936096, "reflex": 0.45021917838502906, "send": 0.4289440676664309, "right": 0.41968473797159744, "posture": 0.41968473797159744, "left": 0.41968473797159744, "stabilization": 0.41968473797159744, "contact": 0.41968473797159744, "control": 0.34543248771439833, "deliver": 0.3147958909956814, "significant": 0.3147958909956814, "adaptation": 0.3147958909956814, "signal": 0.2822164577661455, "connection": 0.23923096306498265, "mediates": 0.23923096306498265, "able": 0.23923096306498265, "respond": 0.23923096306498265, "reflexes": 0.23923096306498265, "efferent": 0.21447203383321545, "pathway": 0.21447203383321545, "information": 0.19690529398150503, "final": 0.0, "require": 0.0, "cord": 0.0, "coordinate": 0.0, "response": 0.0, "result": 0.0, "sensory": 0.0, "command": 0.0, "position": 0.0, "body": 0.0, "ball": 0.0, "balance": 0.0, "appropriate": 0.0, "allow": 0.0, "adjustment": 0.0, "surrounding": 0.0, "actually": 0.0, "actual": 0.0, "action": 0.0, "accommodates": 0.0, "soccer": 0.0}, "1": {"motor": 2.4051948693654817, "command": 1.456798430709354, "reflex": 0.7953752622916953, "response": 0.7528528280380783, "modify": 0.674928414142304, "tune": 0.657861944462718, "adjustment": 0.5785002514770321, "appropriate": 0.5165150698847446, "relay": 0.5165150698847446, "fine": 0.5040007709061917, "final": 0.44320024158256094, "muscle": 0.3043283461930802, "foot": 0.0, "efferent": 0.0, "tuning": 0.0, "cord": 0.0, "force": 0.0, "form": 0.0, "hip": 0.0, "immediate": 0.0, "information": 0.0, "input": 0.0, "deliver": 0.0, "contraction": 0.0, "coordinate": 0.0, "control": 0.0, "left": 0.0, "contact": 0.0, "connection": 0.0, "brain": 0.0, "body": 0.0, "ball": 0.0, "balance": 0.0, "allow": 0.0, "adaptation": 0.0, "actually": 0.0, "actual": 0.0, "action": 0.0, "accommodates": 0.0, "juggle": 0.0, "lot": 0.0, "leg": 0.0, "level": 0.0, "surrounding": 0.0, "stabilization": 0.0, "spinal": 0.0, "soccer": 0.0, "significant": 0.0, "signal": 0.0, "sensory": 0.0}, "2": {"movement": 2.635325302253662, "ball": 2.218396649133563, "leg": 1.8746375381686664, "output": 1.3476241223611083, "final": 1.151627245492545, "foot": 1.0066922968350343, "meet": 0.82078389240603, "actual": 0.7967571998054106, "juggle": 0.6509329211590607, "allow": 0.598642352981042, "actually": 0.57860415087817, "balance": 0.5399730636054081, "body": 0.5187221897755511, "pathway": 0.5187221897755511, "coordinate": 0.4668634825306606, "position": 0.4668634825306606, "soccer": 0.4486727649654439, "lift": 0.4486727649654439, "force": 0.44006311743232635, "hip": 0.44006311743232635, "produce": 0.44006311743232635, "contraction": 0.40721793780384247, "muscle": 0.35271737044285506, "input": 0.0, "appropriate": 0.0, "information": 0.0, "accommodates": 0.0, "immediate": 0.0, "action": 0.0, "adaptation": 0.0, "form": 0.0, "adjustment": 0.0, "fine": 0.0, "brain": 0.0, "cord": 0.0, "command": 0.0, "connection": 0.0, "efferent": 0.0, "contact": 0.0, "control": 0.0, "deliver": 0.0, "tuning": 0.0, "lot": 0.0, "left": 0.0, "level": 0.0, "surrounding": 0.0, "stabilization": 0.0, "spinal": 0.0, "significant": 0.0, "signal": 0.0}, "3": {"reflex": 6.482143965008275, "receive": 0.6100430405401874, "send": 0.5469073482553896, "information": 0.5021118616920345, "require": 0.4525235681853691, "quick": 0.4525235681853691, "action": 0.4525235681853691, "immediate": 0.4525235681853691, "response": 0.37246134482557014, "coordinate": 0.0, "cord": 0.0, "deliver": 0.0, "efferent": 0.0, "fine": 0.0, "final": 0.0, "contraction": 0.0, "foot": 0.0, "force": 0.0, "form": 0.0, "hip": 0.0, "input": 0.0, "control": 0.0, "tuning": 0.0, "contact": 0.0, "connection": 0.0, "left": 0.0, "command": 0.0, "brain": 0.0, "body": 0.0, "ball": 0.0, "balance": 0.0, "appropriate": 0.0, "allow": 0.0, "adjustment": 0.0, "adaptation": 0.0, "actually": 0.0, "actual": 0.0, "accommodates": 0.0, "juggle": 0.0, "lot": 0.0, "leg": 0.0, "process": 0.0, "surrounding": 0.0, "stabilization": 0.0, "spinal": 0.0, "soccer": 0.0, "significant": 0.0, "signal": 0.0, "sensory": 0.0, "right": 0.0}, "4": {"input": 1.392577565497587, "sensory": 1.392577565497587, "spinal": 1.1732571825749434, "level": 0.9885653157098456, "reflex": 0.8728602873595387, "cord": 0.7884872348746612, "control": 0.7239046882186762, "balance": 0.7039325539697694, "result": 0.6249021951267285, "reflexive": 0.5742611168126978, "lot": 0.5170202309938913, "process": 0.4927549976209488, "response": 0.4726606145770392, "modification": 0.4434934310704269, "signal": 0.3975945961790433, "mediate": 0.3975945961790433, "efferent": 0.3975945961790433, "surrounding": 0.36249099101559124, "form": 0.36249099101559124, "accommodates": 0.36249099101559124, "final": 0.33976890293278605, "body": 0.32497540909123, "movement": 0.31853019768348073, "information": 0.2983576801142752, "muscle": 0.21357805461567964, "contact": 0.0, "allow": 0.0, "appropriate": 0.0, "force": 0.0, "foot": 0.0, "adaptation": 0.0, "fine": 0.0, "actually": 0.0, "ball": 0.0, "connection": 0.0, "deliver": 0.0, "hip": 0.0, "action": 0.0, "coordinate": 0.0, "command": 0.0, "adjustment": 0.0, "actual": 0.0, "contraction": 0.0, "brain": 0.0, "tuning": 0.0, "immediate": 0.0, "juggle": 0.0, "stabilization": 0.0, "soccer": 0.0, "significant": 0.0}}